Timeout (ms),Bio IK,Exploitative Fusion IK,Exploitative Iterative Fusion IK,Fusion IK,Iterative Fusion IK,Minimal Fusion IK
0,0.04%,0.0%,0.02%,0.04%,0.08%,0.04%,,
1,12.78%,10.059999999999999%,8.219999999999999%,12.24%,10.96%,12.620000000000001%,,
2,36.46%,25.380000000000003%,25.0%,35.06%,28.02%,36.04%,,
3,47.08%,33.32%,33.18%,46.46%,38.78%,47.5%,,
4,54.82%,42.4%,38.46%,53.959999999999994%,47.699999999999996%,55.800000000000004%,,
5,62.839999999999996%,49.78%,43.14%,60.419999999999995%,54.24%,62.980000000000004%,,
6,67.58%,55.300000000000004%,47.32%,65.78%,60.38%,67.72%,,
7,71.16%,60.199999999999996%,50.94%,69.82000000000001%,64.36%,71.1%,,
8,74.36%,63.9%,54.339999999999996%,72.7%,67.38%,73.7%,,
9,76.82%,67.92%,57.379999999999995%,75.66000000000001%,70.72%,76.22%,,
10,78.60000000000001%,70.86%,59.760000000000005%,77.48%,72.96000000000001%,78.25999999999999%,,
11,80.25999999999999%,73.06%,62.019999999999996%,78.82000000000001%,74.68%,79.92%,,
12,81.6%,75.33999999999999%,64.03999999999999%,80.5%,76.44%,80.97999999999999%,,
13,82.76%,77.16%,65.86%,81.72%,78.03999999999999%,82.04%,,
14,83.86%,78.94%,67.60000000000001%,82.8%,79.28%,83.14%,,
15,84.76%,80.46%,68.94%,83.64%,80.36%,83.94%,,
16,85.5%,81.46%,70.5%,84.5%,81.32000000000001%,84.89999999999999%,,
17,86.0%,82.5%,71.98%,85.2%,82.3%,85.82%,,
18,86.58%,83.12%,73.14%,85.88%,83.17999999999999%,86.33999999999999%,,
19,87.03999999999999%,83.91999999999999%,74.02%,86.72%,83.86%,86.82%,,
20,87.66000000000001%,84.72%,75.22%,87.16000000000001%,84.28%,87.24%,,
21,88.06%,85.34%,75.94%,87.62%,84.98%,87.7%,,
22,88.52%,86.06%,76.88000000000001%,88.1%,85.66%,87.96000000000001%,,
23,88.86%,86.52%,77.82%,88.5%,86.11999999999999%,88.22%,,
24,89.4%,86.96000000000001%,78.60000000000001%,89.0%,86.61999999999999%,88.53999999999999%,,
25,89.78%,87.4%,79.5%,89.38000000000001%,87.0%,88.84%,,
26,90.02%,87.8%,80.16%,89.64%,87.4%,89.03999999999999%,,
27,90.4%,88.12%,80.67999999999999%,90.12%,87.66000000000001%,89.44%,,
28,90.74%,88.36%,81.16%,90.53999999999999%,88.03999999999999%,89.78%,,
29,91.03999999999999%,88.64%,81.72%,90.88000000000001%,88.28%,90.14%,,
30,91.22%,88.92%,82.36%,91.12%,88.52%,90.44%,,
31,91.42%,89.0%,82.76%,91.28%,89.02%,90.60000000000001%,,
32,91.75999999999999%,89.28%,83.08%,91.62%,89.32%,90.92%,,
33,91.92%,89.42%,83.44%,91.9%,89.60000000000001%,91.22%,,
34,92.16%,89.74%,83.78%,92.04%,89.94%,91.42%,,
35,92.32000000000001%,90.0%,84.28%,92.36%,90.2%,91.58%,,
36,92.47999999999999%,90.25999999999999%,84.52%,92.52%,90.4%,91.78%,,
37,92.66%,90.53999999999999%,84.96000000000001%,92.82000000000001%,90.64%,91.92%,,
38,92.86%,90.75999999999999%,85.32%,92.92%,90.88000000000001%,92.14%,,
39,93.0%,90.94%,85.64%,93.14%,91.03999999999999%,92.22%,,
40,93.16%,91.10000000000001%,86.1%,93.28%,91.24%,92.4%,,
41,93.30000000000001%,91.25999999999999%,86.4%,93.38%,91.52%,92.5%,,
42,93.47999999999999%,91.34%,86.66%,93.56%,91.67999999999999%,92.72%,,
43,93.62%,91.52%,86.92%,93.7%,91.86%,92.84%,,
44,93.72%,91.75999999999999%,87.2%,93.82000000000001%,91.92%,92.94%,,
45,93.82000000000001%,91.88%,87.46000000000001%,93.96%,92.14%,93.2%,,
46,93.92%,92.06%,87.7%,94.12%,92.44%,93.34%,,
47,94.04%,92.14%,88.02%,94.16%,92.58%,93.4%,,
48,94.16%,92.30000000000001%,88.16000000000001%,94.3%,92.82000000000001%,93.5%,,
49,94.24%,92.4%,88.26%,94.39999999999999%,92.94%,93.66%,,
50,94.3%,92.60000000000001%,88.48%,94.5%,92.97999999999999%,93.84%,,
51,94.38%,92.7%,88.62%,94.56%,93.08%,93.96%,,
52,94.5%,92.82000000000001%,88.74%,94.69999999999999%,93.14%,94.1%,,
53,94.58%,92.86%,88.98%,94.74000000000001%,93.26%,94.32000000000001%,,
54,94.66%,92.94%,89.1%,94.78%,93.4%,94.39999999999999%,,
55,94.74000000000001%,93.04%,89.25999999999999%,94.88%,93.54%,94.5%,,
56,94.8%,93.10000000000001%,89.32%,94.96%,93.7%,94.6%,,
57,94.84%,93.2%,89.52%,95.02000000000001%,93.76%,94.69999999999999%,,
58,94.89999999999999%,93.36%,89.60000000000001%,95.1%,93.89999999999999%,94.76%,,
59,95.04%,93.46%,89.75999999999999%,95.17999999999999%,93.94%,94.92%,,
60,95.12%,93.5%,89.86%,95.34%,94.0%,94.96%,,
61,95.16%,93.62%,89.94%,95.39999999999999%,94.1%,95.14%,,
62,95.24000000000001%,93.64%,90.06%,95.46%,94.26%,95.22%,,
63,95.26%,93.74%,90.10000000000001%,95.52000000000001%,94.46%,95.3%,,
64,95.38%,93.82000000000001%,90.28%,95.58%,94.48%,95.36%,,
65,95.5%,93.92%,90.38000000000001%,95.64%,94.48%,95.46%,,
66,95.54%,94.0%,90.53999999999999%,95.76%,94.56%,95.48%,,
67,95.6%,94.1%,90.66%,95.8%,94.58%,95.52000000000001%,,
68,95.62%,94.17999999999999%,90.84%,95.92%,94.62%,95.56%,,
69,95.67999999999999%,94.32000000000001%,91.06%,96.0%,94.64%,95.6%,,
70,95.72%,94.42%,91.14%,96.02000000000001%,94.69999999999999%,95.64%,,
71,95.74000000000001%,94.54%,91.22%,96.08%,94.72%,95.72%,,
72,95.8%,94.62%,91.3%,96.08%,94.78%,95.78%,,
73,95.84%,94.66%,91.34%,96.16%,94.84%,95.84%,,
74,95.84%,94.69999999999999%,91.52%,96.2%,94.88%,95.86%,,
75,95.84%,94.78%,91.56%,96.22%,94.96%,95.92%,,
76,95.86%,94.78%,91.67999999999999%,96.32%,94.98%,95.98%,,
77,95.89999999999999%,94.88%,91.78%,96.34%,95.04%,96.02000000000001%,,
78,95.98%,95.0%,91.82000000000001%,96.38%,95.1%,96.06%,,
79,95.98%,95.06%,91.88%,96.44%,95.12%,96.17999999999999%,,
80,96.06%,95.1%,91.97999999999999%,96.46000000000001%,95.14%,96.17999999999999%,,
81,96.1%,95.14%,92.04%,96.5%,95.17999999999999%,96.24000000000001%,,
82,96.14%,95.17999999999999%,92.12%,96.58%,95.24000000000001%,96.32%,,
83,96.14%,95.22%,92.14%,96.61999999999999%,95.26%,96.34%,,
84,96.24000000000001%,95.26%,92.24%,96.64%,95.32000000000001%,96.39999999999999%,,
85,96.26%,95.3%,92.34%,96.67999999999999%,95.38%,96.39999999999999%,,
86,96.3%,95.42%,92.42%,96.72%,95.39999999999999%,96.44%,,
87,96.32%,95.42%,92.54%,96.76%,95.48%,96.48%,,
88,96.36%,95.46%,92.56%,96.78%,95.5%,96.5%,,
89,96.36%,95.48%,92.62%,96.82%,95.52000000000001%,96.54%,,
90,96.39999999999999%,95.52000000000001%,92.72%,96.86%,95.54%,96.58%,,
91,96.46000000000001%,95.54%,92.78%,96.92%,95.64%,96.58%,,
92,96.54%,95.6%,92.80000000000001%,96.92%,95.67999999999999%,96.66%,,
93,96.56%,95.62%,92.82000000000001%,96.94%,95.74000000000001%,96.72%,,
94,96.56%,95.64%,92.84%,96.96000000000001%,95.8%,96.78%,,
95,96.6%,95.7%,92.92%,96.98%,95.82000000000001%,96.78%,,
96,96.61999999999999%,95.72%,93.06%,96.98%,95.88%,96.78%,,
97,96.67999999999999%,95.74000000000001%,93.16%,97.02%,95.89999999999999%,96.78%,,
98,96.67999999999999%,95.8%,93.17999999999999%,97.08%,95.96000000000001%,96.8%,,
99,96.67999999999999%,95.84%,93.22%,97.08%,96.02000000000001%,96.84%,,
100,96.72%,95.86%,93.36%,97.11999999999999%,96.04%,96.86%,,
101,96.76%,95.86%,93.44%,97.16%,96.06%,96.92%,,
102,96.76%,95.88%,93.46%,97.18%,96.08%,96.94%,,
103,96.8%,95.92%,93.46%,97.2%,96.08%,97.04%,,
104,96.8%,95.94%,93.47999999999999%,97.2%,96.1%,97.1%,,
105,96.84%,95.96000000000001%,93.58%,97.2%,96.14%,97.11999999999999%,,
106,96.88%,96.0%,93.67999999999999%,97.24000000000001%,96.17999999999999%,97.14%,,
107,96.89999999999999%,96.0%,93.74%,97.28%,96.24000000000001%,97.16%,,
108,96.92%,96.06%,93.78%,97.3%,96.32%,97.16%,,
109,96.94%,96.12%,93.82000000000001%,97.34%,96.32%,97.16%,,
110,96.94%,96.16%,93.88%,97.34%,96.36%,97.2%,,
111,96.94%,96.17999999999999%,93.94%,97.36%,96.36%,97.2%,,
112,97.0%,96.22%,93.96%,97.36%,96.41999999999999%,97.26%,,
113,97.02%,96.22%,94.02000000000001%,97.38%,96.46000000000001%,97.28%,,
114,97.08%,96.28%,94.08%,97.42%,96.48%,97.28%,,
115,97.1%,96.28%,94.19999999999999%,97.44%,96.54%,97.28%,,
116,97.11999999999999%,96.36%,94.26%,97.46000000000001%,96.54%,97.3%,,
117,97.11999999999999%,96.38%,94.3%,97.48%,96.58%,97.3%,,
118,97.11999999999999%,96.39999999999999%,94.36%,97.52%,96.64%,97.32%,,
119,97.14%,96.44%,94.36%,97.56%,96.66%,97.32%,,
120,97.14%,96.48%,94.38%,97.6%,96.67999999999999%,97.34%,,
121,97.16%,96.52%,94.39999999999999%,97.61999999999999%,96.72%,97.34%,,
122,97.2%,96.58%,94.46%,97.61999999999999%,96.74000000000001%,97.39999999999999%,,
123,97.24000000000001%,96.6%,94.46%,97.64%,96.82%,97.46000000000001%,,
124,97.28%,96.61999999999999%,94.46%,97.64%,96.88%,97.52%,,
125,97.28%,96.67999999999999%,94.52000000000001%,97.64%,96.89999999999999%,97.52%,,
126,97.3%,96.67999999999999%,94.62%,97.68%,96.89999999999999%,97.54%,,
127,97.34%,96.72%,94.67999999999999%,97.7%,96.92%,97.56%,,
128,97.34%,96.72%,94.67999999999999%,97.7%,96.94%,97.56%,,
129,97.38%,96.74000000000001%,94.69999999999999%,97.72%,97.0%,97.56%,,
130,97.38%,96.74000000000001%,94.74000000000001%,97.72%,97.02%,97.56%,,
131,97.39999999999999%,96.74000000000001%,94.74000000000001%,97.72%,97.06%,97.58%,,
132,97.44%,96.8%,94.76%,97.78%,97.08%,97.58%,,
133,97.48%,96.82%,94.82000000000001%,97.78%,97.1%,97.58%,,
134,97.48%,96.86%,94.82000000000001%,97.8%,97.11999999999999%,97.6%,,
135,97.5%,96.88%,94.88%,97.8%,97.18%,97.6%,,
136,97.5%,96.89999999999999%,94.88%,97.82%,97.24000000000001%,97.64%,,
137,97.54%,96.96000000000001%,94.88%,97.82%,97.24000000000001%,97.7%,,
138,97.56%,96.96000000000001%,94.92%,97.84%,97.26%,97.7%,,
139,97.56%,96.98%,94.96%,97.86%,97.26%,97.76%,,
140,97.6%,96.98%,95.02000000000001%,97.92%,97.26%,97.76%,,
141,97.6%,97.02%,95.06%,97.94%,97.26%,97.76%,,
142,97.61999999999999%,97.06%,95.08%,97.96000000000001%,97.34%,97.76%,,
143,97.66%,97.16%,95.1%,97.96000000000001%,97.34%,97.76%,,
144,97.7%,97.18%,95.14%,97.96000000000001%,97.34%,97.76%,,
145,97.78%,97.18%,95.17999999999999%,97.96000000000001%,97.42%,97.8%,,
146,97.82%,97.18%,95.22%,98.0%,97.44%,97.82%,,
147,97.82%,97.2%,95.26%,98.0%,97.44%,97.82%,,
148,97.86%,97.24000000000001%,95.28%,98.0%,97.46000000000001%,97.82%,,
149,97.92%,97.24000000000001%,95.32000000000001%,98.0%,97.46000000000001%,97.82%,,
150,97.94%,97.26%,95.32000000000001%,98.0%,97.46000000000001%,97.84%,,
151,97.96000000000001%,97.26%,95.44%,98.0%,97.48%,97.84%,,
152,97.96000000000001%,97.28%,95.46%,98.02%,97.48%,97.86%,,
153,97.96000000000001%,97.28%,95.46%,98.06%,97.5%,97.88%,,
154,97.96000000000001%,97.28%,95.5%,98.06%,97.54%,97.96000000000001%,,
155,98.0%,97.28%,95.52000000000001%,98.08%,97.54%,98.04%,,
156,98.0%,97.28%,95.52000000000001%,98.08%,97.58%,98.04%,,
157,98.02%,97.34%,95.52000000000001%,98.11999999999999%,97.58%,98.04%,,
158,98.06%,97.36%,95.56%,98.14%,97.64%,98.06%,,
159,98.06%,97.38%,95.58%,98.16%,97.68%,98.06%,,
160,98.06%,97.39999999999999%,95.62%,98.2%,97.7%,98.08%,,
161,98.06%,97.42%,95.62%,98.2%,97.72%,98.08%,,
162,98.06%,97.44%,95.66%,98.2%,97.76%,98.08%,,
163,98.06%,97.5%,95.66%,98.22%,97.76%,98.11999999999999%,,
164,98.06%,97.52%,95.67999999999999%,98.24000000000001%,97.78%,98.14%,,
165,98.06%,97.54%,95.67999999999999%,98.24000000000001%,97.82%,98.14%,,
166,98.08%,97.54%,95.72%,98.24000000000001%,97.86%,98.14%,,
167,98.08%,97.56%,95.72%,98.24000000000001%,97.86%,98.14%,,
168,98.08%,97.58%,95.76%,98.26%,97.86%,98.16%,,
169,98.08%,97.58%,95.78%,98.26%,97.86%,98.2%,,
170,98.08%,97.6%,95.78%,98.26%,97.89999999999999%,98.22%,,
171,98.08%,97.6%,95.8%,98.26%,97.94%,98.22%,,
172,98.08%,97.61999999999999%,95.82000000000001%,98.26%,97.94%,98.24000000000001%,,
173,98.08%,97.61999999999999%,95.82000000000001%,98.3%,97.94%,98.24000000000001%,,
174,98.08%,97.64%,95.84%,98.32%,97.94%,98.26%,,
175,98.08%,97.68%,95.86%,98.32%,97.96000000000001%,98.26%,,
176,98.08%,97.68%,95.86%,98.32%,97.98%,98.26%,,
177,98.1%,97.7%,95.88%,98.32%,98.0%,98.26%,,
178,98.1%,97.7%,95.89999999999999%,98.36%,98.04%,98.28%,,
179,98.1%,97.72%,95.92%,98.36%,98.04%,98.28%,,
180,98.14%,97.76%,95.96000000000001%,98.38%,98.04%,98.28%,,
181,98.18%,97.76%,96.02000000000001%,98.4%,98.06%,98.28%,,
182,98.2%,97.76%,96.02000000000001%,98.4%,98.06%,98.28%,,
183,98.2%,97.76%,96.04%,98.4%,98.08%,98.28%,,
184,98.2%,97.78%,96.06%,98.4%,98.1%,98.32%,,
185,98.22%,97.78%,96.1%,98.4%,98.1%,98.32%,,
186,98.24000000000001%,97.78%,96.12%,98.4%,98.1%,98.32%,,
187,98.26%,97.78%,96.12%,98.4%,98.1%,98.36%,,
188,98.28%,97.84%,96.12%,98.4%,98.1%,98.4%,,
189,98.3%,97.88%,96.12%,98.4%,98.1%,98.42%,,
190,98.32%,97.88%,96.12%,98.4%,98.11999999999999%,98.42%,,
191,98.32%,97.89999999999999%,96.14%,98.42%,98.11999999999999%,98.42%,,
192,98.42%,97.92%,96.17999999999999%,98.44000000000001%,98.11999999999999%,98.46000000000001%,,
193,98.42%,97.92%,96.2%,98.48%,98.11999999999999%,98.46000000000001%,,
194,98.42%,97.92%,96.2%,98.5%,98.11999999999999%,98.5%,,
195,98.42%,97.92%,96.28%,98.5%,98.11999999999999%,98.5%,,
196,98.44000000000001%,97.94%,96.32%,98.5%,98.16%,98.5%,,
197,98.44000000000001%,98.0%,96.32%,98.5%,98.16%,98.5%,,
198,98.48%,98.0%,96.32%,98.5%,98.16%,98.5%,,
199,98.5%,98.02%,96.32%,98.5%,98.18%,98.5%,,
200,98.5%,98.04%,96.36%,98.5%,98.18%,98.52%,,
201,98.52%,98.06%,96.38%,98.5%,98.2%,98.52%,,
202,98.52%,98.06%,96.39999999999999%,98.52%,98.22%,98.54%,,
203,98.52%,98.08%,96.41999999999999%,98.52%,98.22%,98.54%,,
204,98.54%,98.1%,96.46000000000001%,98.52%,98.24000000000001%,98.56%,,
205,98.54%,98.11999999999999%,96.46000000000001%,98.52%,98.26%,98.56%,,
206,98.56%,98.14%,96.5%,98.52%,98.28%,98.56%,,
207,98.56%,98.14%,96.5%,98.52%,98.28%,98.56%,,
208,98.56%,98.14%,96.52%,98.52%,98.28%,98.56%,,
209,98.58%,98.18%,96.52%,98.52%,98.28%,98.56%,,
210,98.6%,98.18%,96.54%,98.52%,98.28%,98.56%,,
211,98.61999999999999%,98.18%,96.54%,98.52%,98.3%,98.56%,,
212,98.61999999999999%,98.18%,96.56%,98.52%,98.3%,98.56%,,
213,98.61999999999999%,98.18%,96.56%,98.54%,98.3%,98.58%,,
214,98.61999999999999%,98.2%,96.56%,98.54%,98.3%,98.58%,,
215,98.66%,98.22%,96.56%,98.54%,98.3%,98.58%,,
216,98.66%,98.22%,96.58%,98.54%,98.3%,98.58%,,
217,98.66%,98.22%,96.6%,98.54%,98.3%,98.6%,,
218,98.66%,98.22%,96.61999999999999%,98.54%,98.3%,98.61999999999999%,,
219,98.66%,98.24000000000001%,96.64%,98.54%,98.3%,98.64%,,
220,98.68%,98.24000000000001%,96.64%,98.54%,98.3%,98.64%,,
221,98.68%,98.24000000000001%,96.7%,98.54%,98.3%,98.64%,,
222,98.68%,98.24000000000001%,96.72%,98.54%,98.32%,98.64%,,
223,98.7%,98.24000000000001%,96.74000000000001%,98.54%,98.32%,98.66%,,
224,98.7%,98.26%,96.76%,98.54%,98.32%,98.68%,,
225,98.7%,98.26%,96.76%,98.54%,98.32%,98.68%,,
226,98.7%,98.26%,96.78%,98.54%,98.34%,98.68%,,
227,98.7%,98.26%,96.78%,98.56%,98.34%,98.68%,,
228,98.72%,98.26%,96.78%,98.56%,98.34%,98.68%,,
229,98.72%,98.26%,96.78%,98.58%,98.34%,98.7%,,
230,98.74000000000001%,98.28%,96.84%,98.6%,98.4%,98.7%,,
231,98.74000000000001%,98.28%,96.84%,98.6%,98.4%,98.72%,,
232,98.74000000000001%,98.3%,96.84%,98.64%,98.4%,98.72%,,
233,98.76%,98.32%,96.84%,98.66%,98.4%,98.72%,,
234,98.76%,98.32%,96.86%,98.66%,98.4%,98.72%,,
235,98.78%,98.32%,96.86%,98.66%,98.4%,98.72%,,
236,98.8%,98.32%,96.86%,98.68%,98.4%,98.72%,,
237,98.8%,98.32%,96.86%,98.7%,98.42%,98.72%,,
238,98.82%,98.36%,96.86%,98.7%,98.42%,98.74000000000001%,,
239,98.82%,98.36%,96.86%,98.7%,98.42%,98.76%,,
240,98.82%,98.36%,96.88%,98.7%,98.42%,98.76%,,
241,98.82%,98.4%,96.88%,98.7%,98.42%,98.78%,,
242,98.82%,98.4%,96.89999999999999%,98.7%,98.42%,98.78%,,
243,98.83999999999999%,98.4%,96.89999999999999%,98.7%,98.42%,98.8%,,
244,98.83999999999999%,98.4%,96.89999999999999%,98.7%,98.42%,98.8%,,
245,98.83999999999999%,98.4%,96.89999999999999%,98.72%,98.42%,98.8%,,
246,98.83999999999999%,98.44000000000001%,96.92%,98.72%,98.42%,98.82%,,
247,98.88%,98.46000000000001%,96.92%,98.72%,98.46000000000001%,98.82%,,
248,98.88%,98.46000000000001%,96.98%,98.72%,98.46000000000001%,98.86%,,
249,98.88%,98.48%,96.98%,98.72%,98.48%,98.88%,,
250,98.88%,98.48%,96.98%,98.74000000000001%,98.48%,98.9%,,
251,98.88%,98.48%,97.0%,98.74000000000001%,98.48%,98.9%,,
252,98.88%,98.48%,97.0%,98.74000000000001%,98.52%,98.9%,,
253,98.88%,98.48%,97.0%,98.74000000000001%,98.52%,98.9%,,
254,98.88%,98.48%,97.0%,98.74000000000001%,98.52%,98.9%,,
255,98.88%,98.48%,97.04%,98.74000000000001%,98.52%,98.9%,,
256,98.88%,98.5%,97.04%,98.74000000000001%,98.52%,98.9%,,
257,98.88%,98.52%,97.04%,98.74000000000001%,98.52%,98.92%,,
258,98.88%,98.54%,97.04%,98.74000000000001%,98.52%,98.92%,,
259,98.88%,98.54%,97.08%,98.74000000000001%,98.54%,98.96000000000001%,,
260,98.88%,98.54%,97.08%,98.74000000000001%,98.56%,98.96000000000001%,,
261,98.88%,98.54%,97.08%,98.74000000000001%,98.56%,98.96000000000001%,,
262,98.88%,98.54%,97.11999999999999%,98.76%,98.56%,98.96000000000001%,,
263,98.9%,98.54%,97.11999999999999%,98.76%,98.56%,98.96000000000001%,,
264,98.9%,98.54%,97.14%,98.76%,98.56%,99.0%,,
265,98.9%,98.54%,97.14%,98.76%,98.58%,99.02%,,
266,98.9%,98.56%,97.16%,98.76%,98.6%,99.03999999999999%,,
267,98.9%,98.56%,97.16%,98.78%,98.61999999999999%,99.03999999999999%,,
268,98.9%,98.58%,97.18%,98.78%,98.64%,99.03999999999999%,,
269,98.9%,98.6%,97.2%,98.78%,98.64%,99.03999999999999%,,
270,98.92%,98.6%,97.2%,98.78%,98.64%,99.06%,,
271,98.92%,98.6%,97.22%,98.78%,98.66%,99.06%,,
272,98.92%,98.6%,97.22%,98.78%,98.68%,99.06%,,
273,98.92%,98.6%,97.28%,98.78%,98.68%,99.08%,,
274,98.94%,98.6%,97.32%,98.78%,98.68%,99.08%,,
275,98.94%,98.6%,97.32%,98.78%,98.7%,99.08%,,
276,98.94%,98.6%,97.32%,98.78%,98.7%,99.08%,,
277,98.94%,98.6%,97.32%,98.78%,98.7%,99.08%,,
278,98.94%,98.6%,97.32%,98.78%,98.7%,99.08%,,
279,98.94%,98.61999999999999%,97.32%,98.78%,98.7%,99.08%,,
280,98.94%,98.61999999999999%,97.32%,98.78%,98.7%,99.1%,,
281,98.94%,98.61999999999999%,97.32%,98.8%,98.7%,99.1%,,
282,98.96000000000001%,98.61999999999999%,97.34%,98.8%,98.7%,99.1%,,
283,98.96000000000001%,98.61999999999999%,97.36%,98.82%,98.7%,99.1%,,
284,98.96000000000001%,98.61999999999999%,97.36%,98.83999999999999%,98.7%,99.1%,,
285,98.96000000000001%,98.64%,97.36%,98.83999999999999%,98.7%,99.11999999999999%,,
286,98.96000000000001%,98.64%,97.36%,98.83999999999999%,98.7%,99.11999999999999%,,
287,98.96000000000001%,98.64%,97.38%,98.86%,98.7%,99.14%,,
288,98.96000000000001%,98.64%,97.38%,98.86%,98.7%,99.14%,,
289,98.96000000000001%,98.64%,97.39999999999999%,98.86%,98.72%,99.14%,,
290,98.96000000000001%,98.64%,97.39999999999999%,98.86%,98.72%,99.14%,,
291,98.96000000000001%,98.64%,97.42%,98.86%,98.72%,99.14%,,
292,98.96000000000001%,98.66%,97.42%,98.86%,98.74000000000001%,99.14%,,
293,98.98%,98.68%,97.44%,98.86%,98.74000000000001%,99.14%,,
294,98.98%,98.68%,97.44%,98.86%,98.74000000000001%,99.14%,,
295,99.0%,98.68%,97.44%,98.86%,98.74000000000001%,99.14%,,
296,99.02%,98.68%,97.44%,98.86%,98.74000000000001%,99.14%,,
297,99.02%,98.68%,97.44%,98.86%,98.74000000000001%,99.14%,,
298,99.02%,98.68%,97.44%,98.86%,98.74000000000001%,99.16%,,
299,99.03999999999999%,98.7%,97.44%,98.86%,98.74000000000001%,99.16%,,
300,99.03999999999999%,98.72%,97.44%,98.86%,98.74000000000001%,99.16%,,
301,99.03999999999999%,98.72%,97.44%,98.86%,98.74000000000001%,99.16%,,
302,99.03999999999999%,98.72%,97.44%,98.86%,98.74000000000001%,99.16%,,
303,99.06%,98.72%,97.44%,98.86%,98.74000000000001%,99.16%,,
304,99.06%,98.72%,97.44%,98.86%,98.76%,99.16%,,
305,99.06%,98.72%,97.44%,98.86%,98.76%,99.16%,,
306,99.08%,98.72%,97.44%,98.86%,98.76%,99.18%,,
307,99.08%,98.72%,97.46000000000001%,98.86%,98.76%,99.18%,,
308,99.08%,98.74000000000001%,97.48%,98.86%,98.76%,99.18%,,
309,99.08%,98.76%,97.5%,98.86%,98.76%,99.2%,,
310,99.08%,98.76%,97.5%,98.86%,98.78%,99.2%,,
311,99.08%,98.76%,97.5%,98.86%,98.78%,99.2%,,
312,99.08%,98.76%,97.52%,98.86%,98.78%,99.22%,,
313,99.08%,98.76%,97.52%,98.86%,98.78%,99.22%,,
314,99.08%,98.76%,97.52%,98.86%,98.78%,99.22%,,
315,99.08%,98.76%,97.52%,98.86%,98.78%,99.22%,,
316,99.08%,98.76%,97.52%,98.86%,98.82%,99.24%,,
317,99.1%,98.76%,97.52%,98.86%,98.82%,99.24%,,
318,99.1%,98.76%,97.54%,98.86%,98.83999999999999%,99.24%,,
319,99.11999999999999%,98.76%,97.58%,98.86%,98.83999999999999%,99.24%,,
320,99.11999999999999%,98.76%,97.58%,98.86%,98.83999999999999%,99.24%,,
321,99.14%,98.76%,97.6%,98.86%,98.83999999999999%,99.24%,,
322,99.14%,98.76%,97.6%,98.86%,98.86%,99.24%,,
323,99.16%,98.76%,97.6%,98.86%,98.88%,99.24%,,
324,99.16%,98.76%,97.64%,98.86%,98.88%,99.24%,,
325,99.16%,98.78%,97.64%,98.86%,98.88%,99.24%,,
326,99.16%,98.78%,97.66%,98.9%,98.88%,99.24%,,
327,99.16%,98.78%,97.66%,98.9%,98.88%,99.24%,,
328,99.16%,98.78%,97.66%,98.9%,98.88%,99.24%,,
329,99.16%,98.78%,97.66%,98.9%,98.9%,99.24%,,
330,99.16%,98.78%,97.68%,98.92%,98.92%,99.24%,,
331,99.16%,98.8%,97.68%,98.92%,98.92%,99.24%,,
332,99.16%,98.8%,97.7%,98.94%,98.92%,99.24%,,
333,99.16%,98.8%,97.72%,98.94%,98.92%,99.24%,,
334,99.16%,98.8%,97.72%,98.94%,98.92%,99.24%,,
335,99.16%,98.8%,97.72%,98.94%,98.92%,99.26%,,
336,99.16%,98.8%,97.72%,98.96000000000001%,98.94%,99.28%,,
337,99.16%,98.82%,97.72%,98.96000000000001%,98.96000000000001%,99.3%,,
338,99.16%,98.82%,97.72%,98.96000000000001%,98.96000000000001%,99.32%,,
339,99.16%,98.82%,97.74000000000001%,98.96000000000001%,98.96000000000001%,99.32%,,
340,99.16%,98.82%,97.74000000000001%,98.96000000000001%,98.96000000000001%,99.32%,,
341,99.16%,98.82%,97.74000000000001%,98.98%,98.96000000000001%,99.32%,,
342,99.16%,98.82%,97.74000000000001%,98.98%,98.96000000000001%,99.32%,,
343,99.16%,98.82%,97.74000000000001%,98.98%,98.96000000000001%,99.33999999999999%,,
344,99.18%,98.82%,97.74000000000001%,98.98%,98.98%,99.33999999999999%,,
345,99.18%,98.82%,97.76%,98.98%,99.02%,99.33999999999999%,,
346,99.18%,98.82%,97.76%,98.98%,99.02%,99.33999999999999%,,
347,99.18%,98.82%,97.76%,98.98%,99.03999999999999%,99.33999999999999%,,
348,99.18%,98.83999999999999%,97.76%,98.98%,99.06%,99.33999999999999%,,
349,99.18%,98.83999999999999%,97.78%,98.98%,99.06%,99.33999999999999%,,
350,99.18%,98.83999999999999%,97.8%,98.98%,99.06%,99.33999999999999%,,
351,99.18%,98.83999999999999%,97.8%,98.98%,99.06%,99.33999999999999%,,
352,99.18%,98.83999999999999%,97.82%,98.98%,99.06%,99.33999999999999%,,
353,99.2%,98.83999999999999%,97.82%,98.98%,99.06%,99.33999999999999%,,
354,99.2%,98.83999999999999%,97.82%,98.98%,99.06%,99.33999999999999%,,
355,99.2%,98.83999999999999%,97.82%,98.98%,99.06%,99.33999999999999%,,
356,99.2%,98.83999999999999%,97.82%,98.98%,99.06%,99.33999999999999%,,
357,99.2%,98.86%,97.84%,99.0%,99.06%,99.33999999999999%,,
358,99.2%,98.86%,97.84%,99.0%,99.06%,99.33999999999999%,,
359,99.2%,98.88%,97.86%,99.0%,99.06%,99.36%,,
360,99.2%,98.88%,97.86%,99.0%,99.06%,99.36%,,
361,99.2%,98.88%,97.86%,99.0%,99.06%,99.36%,,
362,99.2%,98.88%,97.92%,99.0%,99.06%,99.36%,,
363,99.22%,98.88%,97.92%,99.0%,99.06%,99.36%,,
364,99.22%,98.9%,97.92%,99.0%,99.06%,99.36%,,
365,99.22%,98.92%,97.96000000000001%,99.0%,99.06%,99.36%,,
366,99.22%,98.92%,97.96000000000001%,99.0%,99.06%,99.38%,,
367,99.24%,98.92%,97.96000000000001%,99.0%,99.06%,99.4%,,
368,99.24%,98.92%,97.96000000000001%,99.0%,99.08%,99.4%,,
369,99.24%,98.92%,97.96000000000001%,99.0%,99.08%,99.4%,,
370,99.24%,98.92%,97.96000000000001%,99.0%,99.08%,99.4%,,
371,99.26%,98.92%,97.96000000000001%,99.0%,99.08%,99.4%,,
372,99.26%,98.94%,97.96000000000001%,99.02%,99.08%,99.4%,,
373,99.26%,98.94%,97.96000000000001%,99.02%,99.08%,99.4%,,
374,99.26%,98.94%,97.96000000000001%,99.02%,99.1%,99.42%,,
375,99.26%,98.94%,97.96000000000001%,99.02%,99.1%,99.42%,,
376,99.26%,98.94%,97.98%,99.02%,99.1%,99.42%,,
377,99.26%,98.94%,97.98%,99.02%,99.1%,99.42%,,
378,99.26%,98.94%,97.98%,99.03999999999999%,99.1%,99.42%,,
379,99.26%,98.94%,98.0%,99.03999999999999%,99.1%,99.42%,,
380,99.26%,98.94%,98.02%,99.06%,99.11999999999999%,99.42%,,
381,99.26%,98.94%,98.02%,99.06%,99.11999999999999%,99.42%,,
382,99.26%,98.96000000000001%,98.02%,99.06%,99.14%,99.42%,,
383,99.28%,98.96000000000001%,98.02%,99.06%,99.14%,99.42%,,
384,99.28%,98.96000000000001%,98.02%,99.06%,99.16%,99.42%,,
385,99.28%,98.96000000000001%,98.02%,99.06%,99.16%,99.42%,,
386,99.28%,98.96000000000001%,98.02%,99.06%,99.16%,99.42%,,
387,99.28%,98.96000000000001%,98.02%,99.06%,99.16%,99.42%,,
388,99.28%,98.96000000000001%,98.04%,99.06%,99.16%,99.42%,,
389,99.28%,98.96000000000001%,98.04%,99.06%,99.16%,99.42%,,
390,99.28%,98.98%,98.04%,99.06%,99.16%,99.42%,,
391,99.28%,98.98%,98.04%,99.08%,99.16%,99.42%,,
392,99.28%,98.98%,98.06%,99.08%,99.16%,99.44%,,
393,99.28%,99.0%,98.06%,99.1%,99.16%,99.44%,,
394,99.28%,99.0%,98.06%,99.1%,99.16%,99.44%,,
395,99.28%,99.0%,98.06%,99.11999999999999%,99.16%,99.44%,,
396,99.28%,99.0%,98.06%,99.11999999999999%,99.16%,99.46000000000001%,,
397,99.3%,99.0%,98.06%,99.11999999999999%,99.16%,99.46000000000001%,,
398,99.3%,99.0%,98.06%,99.11999999999999%,99.16%,99.46000000000001%,,
399,99.3%,99.0%,98.06%,99.11999999999999%,99.16%,99.46000000000001%,,
400,99.3%,99.0%,98.08%,99.11999999999999%,99.16%,99.46000000000001%,,
401,99.3%,99.0%,98.08%,99.14%,99.16%,99.46000000000001%,,
402,99.3%,99.0%,98.08%,99.14%,99.16%,99.46000000000001%,,
403,99.3%,99.0%,98.1%,99.14%,99.16%,99.46000000000001%,,
404,99.3%,99.0%,98.1%,99.14%,99.16%,99.46000000000001%,,
405,99.3%,99.02%,98.1%,99.14%,99.16%,99.46000000000001%,,
406,99.3%,99.02%,98.1%,99.14%,99.16%,99.46000000000001%,,
407,99.3%,99.02%,98.11999999999999%,99.14%,99.16%,99.46000000000001%,,
408,99.3%,99.02%,98.14%,99.14%,99.16%,99.46000000000001%,,
409,99.3%,99.02%,98.14%,99.14%,99.16%,99.46000000000001%,,
410,99.3%,99.02%,98.14%,99.14%,99.16%,99.46000000000001%,,
411,99.3%,99.02%,98.14%,99.14%,99.16%,99.46000000000001%,,
412,99.3%,99.02%,98.14%,99.14%,99.16%,99.46000000000001%,,
413,99.3%,99.02%,98.14%,99.14%,99.16%,99.46000000000001%,,
414,99.32%,99.02%,98.14%,99.14%,99.16%,99.46000000000001%,,
415,99.33999999999999%,99.02%,98.14%,99.14%,99.18%,99.46000000000001%,,
416,99.33999999999999%,99.02%,98.14%,99.14%,99.18%,99.46000000000001%,,
417,99.33999999999999%,99.02%,98.16%,99.14%,99.2%,99.46000000000001%,,
418,99.33999999999999%,99.02%,98.16%,99.14%,99.2%,99.46000000000001%,,
419,99.33999999999999%,99.02%,98.16%,99.14%,99.22%,99.48%,,
420,99.36%,99.02%,98.16%,99.14%,99.22%,99.48%,,
421,99.36%,99.02%,98.16%,99.14%,99.22%,99.48%,,
422,99.36%,99.02%,98.18%,99.14%,99.22%,99.48%,,
423,99.36%,99.02%,98.18%,99.14%,99.22%,99.5%,,
424,99.36%,99.02%,98.18%,99.14%,99.22%,99.5%,,
425,99.36%,99.02%,98.18%,99.14%,99.22%,99.5%,,
426,99.36%,99.02%,98.18%,99.14%,99.22%,99.5%,,
427,99.36%,99.02%,98.2%,99.14%,99.22%,99.5%,,
428,99.36%,99.02%,98.2%,99.14%,99.22%,99.5%,,
429,99.36%,99.02%,98.2%,99.14%,99.22%,99.5%,,
430,99.36%,99.02%,98.22%,99.14%,99.22%,99.5%,,
431,99.36%,99.02%,98.26%,99.14%,99.22%,99.5%,,
432,99.36%,99.02%,98.26%,99.14%,99.22%,99.5%,,
433,99.36%,99.02%,98.28%,99.14%,99.22%,99.5%,,
434,99.36%,99.02%,98.32%,99.14%,99.22%,99.5%,,
435,99.36%,99.03999999999999%,98.32%,99.14%,99.22%,99.5%,,
436,99.36%,99.06%,98.32%,99.14%,99.22%,99.5%,,
437,99.36%,99.06%,98.32%,99.14%,99.22%,99.5%,,
438,99.36%,99.06%,98.34%,99.14%,99.22%,99.5%,,
439,99.36%,99.06%,98.34%,99.16%,99.22%,99.5%,,
440,99.38%,99.06%,98.34%,99.16%,99.22%,99.5%,,
441,99.38%,99.08%,98.34%,99.16%,99.22%,99.5%,,
442,99.38%,99.08%,98.36%,99.18%,99.24%,99.5%,,
443,99.38%,99.08%,98.36%,99.18%,99.24%,99.5%,,
444,99.38%,99.1%,98.36%,99.18%,99.24%,99.5%,,
445,99.38%,99.1%,98.36%,99.18%,99.24%,99.5%,,
446,99.38%,99.1%,98.36%,99.18%,99.28%,99.5%,,
447,99.38%,99.1%,98.36%,99.2%,99.28%,99.5%,,
448,99.38%,99.1%,98.36%,99.2%,99.28%,99.5%,,
449,99.38%,99.1%,98.36%,99.22%,99.28%,99.5%,,
450,99.38%,99.1%,98.36%,99.22%,99.28%,99.5%,,
451,99.38%,99.1%,98.36%,99.22%,99.28%,99.5%,,
452,99.38%,99.1%,98.36%,99.22%,99.28%,99.5%,,
453,99.38%,99.1%,98.36%,99.24%,99.28%,99.5%,,
454,99.38%,99.1%,98.36%,99.24%,99.28%,99.5%,,
455,99.38%,99.1%,98.36%,99.24%,99.28%,99.52%,,
456,99.38%,99.1%,98.36%,99.26%,99.28%,99.52%,,
457,99.38%,99.1%,98.36%,99.26%,99.28%,99.52%,,
458,99.38%,99.1%,98.36%,99.26%,99.28%,99.53999999999999%,,
459,99.4%,99.1%,98.38%,99.26%,99.28%,99.53999999999999%,,
460,99.4%,99.1%,98.38%,99.26%,99.28%,99.53999999999999%,,
461,99.4%,99.1%,98.38%,99.26%,99.28%,99.53999999999999%,,
462,99.4%,99.1%,98.38%,99.26%,99.28%,99.56%,,
463,99.4%,99.1%,98.4%,99.26%,99.28%,99.56%,,
464,99.4%,99.1%,98.4%,99.26%,99.28%,99.56%,,
465,99.4%,99.1%,98.42%,99.26%,99.28%,99.56%,,
466,99.4%,99.1%,98.42%,99.26%,99.28%,99.56%,,
467,99.42%,99.1%,98.44000000000001%,99.26%,99.28%,99.58%,,
468,99.42%,99.1%,98.44000000000001%,99.26%,99.3%,99.58%,,
469,99.42%,99.1%,98.44000000000001%,99.26%,99.3%,99.58%,,
470,99.42%,99.1%,98.44000000000001%,99.26%,99.3%,99.58%,,
471,99.42%,99.1%,98.44000000000001%,99.26%,99.3%,99.58%,,
472,99.42%,99.1%,98.48%,99.26%,99.3%,99.58%,,
473,99.42%,99.1%,98.5%,99.26%,99.3%,99.58%,,
474,99.42%,99.1%,98.5%,99.26%,99.3%,99.58%,,
475,99.42%,99.1%,98.52%,99.26%,99.32%,99.58%,,
476,99.42%,99.11999999999999%,98.52%,99.26%,99.32%,99.58%,,
477,99.42%,99.11999999999999%,98.52%,99.26%,99.32%,99.58%,,
478,99.42%,99.14%,98.52%,99.26%,99.32%,99.58%,,
479,99.42%,99.14%,98.52%,99.26%,99.32%,99.58%,,
480,99.42%,99.14%,98.52%,99.26%,99.32%,99.58%,,
481,99.42%,99.16%,98.52%,99.26%,99.32%,99.58%,,
482,99.44%,99.16%,98.52%,99.28%,99.32%,99.58%,,
483,99.44%,99.16%,98.52%,99.28%,99.32%,99.58%,,
484,99.44%,99.18%,98.52%,99.28%,99.32%,99.58%,,
485,99.44%,99.18%,98.52%,99.28%,99.32%,99.58%,,
486,99.44%,99.2%,98.52%,99.28%,99.32%,99.58%,,
487,99.44%,99.2%,98.52%,99.28%,99.32%,99.58%,,
488,99.44%,99.2%,98.52%,99.28%,99.32%,99.58%,,
489,99.44%,99.2%,98.52%,99.28%,99.32%,99.58%,,
490,99.44%,99.2%,98.52%,99.3%,99.32%,99.58%,,
491,99.44%,99.2%,98.54%,99.3%,99.32%,99.58%,,
492,99.44%,99.2%,98.56%,99.3%,99.32%,99.58%,,
493,99.44%,99.2%,98.56%,99.3%,99.32%,99.58%,,
494,99.44%,99.2%,98.56%,99.3%,99.32%,99.58%,,
495,99.44%,99.2%,98.56%,99.3%,99.32%,99.58%,,
496,99.44%,99.2%,98.56%,99.3%,99.32%,99.58%,,
497,99.44%,99.2%,98.56%,99.3%,99.32%,99.58%,,
498,99.44%,99.2%,98.56%,99.32%,99.32%,99.58%,,
499,99.44%,99.2%,98.56%,99.32%,99.32%,99.58%,,
500,99.44%,99.2%,98.56%,99.32%,99.32%,99.58%,,
501,99.44%,99.2%,98.56%,99.32%,99.32%,99.58%,,
502,99.44%,99.2%,98.56%,99.32%,99.32%,99.58%,,
503,99.44%,99.2%,98.58%,99.32%,99.32%,99.58%,,
504,99.44%,99.2%,98.58%,99.32%,99.32%,99.58%,,
505,99.44%,99.2%,98.58%,99.32%,99.32%,99.58%,,
506,99.44%,99.2%,98.61999999999999%,99.32%,99.32%,99.58%,,
507,99.44%,99.22%,98.61999999999999%,99.32%,99.32%,99.58%,,
508,99.44%,99.22%,98.61999999999999%,99.32%,99.32%,99.58%,,
509,99.44%,99.22%,98.61999999999999%,99.32%,99.32%,99.58%,,
510,99.44%,99.22%,98.61999999999999%,99.32%,99.32%,99.58%,,
511,99.46000000000001%,99.22%,98.61999999999999%,99.32%,99.32%,99.58%,,
512,99.46000000000001%,99.22%,98.61999999999999%,99.32%,99.32%,99.58%,,
513,99.46000000000001%,99.22%,98.64%,99.32%,99.32%,99.58%,,
514,99.46000000000001%,99.22%,98.64%,99.32%,99.32%,99.58%,,
515,99.46000000000001%,99.22%,98.64%,99.32%,99.32%,99.58%,,
516,99.46000000000001%,99.22%,98.66%,99.32%,99.32%,99.58%,,
517,99.48%,99.22%,98.68%,99.32%,99.32%,99.58%,,
518,99.48%,99.22%,98.68%,99.32%,99.32%,99.58%,,
519,99.48%,99.22%,98.68%,99.32%,99.32%,99.58%,,
520,99.48%,99.22%,98.68%,99.32%,99.32%,99.58%,,
521,99.48%,99.22%,98.68%,99.32%,99.32%,99.58%,,
522,99.48%,99.22%,98.7%,99.32%,99.32%,99.58%,,
523,99.48%,99.22%,98.7%,99.32%,99.32%,99.58%,,
524,99.48%,99.22%,98.7%,99.32%,99.32%,99.58%,,
525,99.48%,99.22%,98.7%,99.32%,99.32%,99.58%,,
526,99.48%,99.22%,98.7%,99.32%,99.36%,99.58%,,
527,99.48%,99.22%,98.7%,99.32%,99.36%,99.58%,,
528,99.48%,99.22%,98.7%,99.32%,99.36%,99.58%,,
529,99.48%,99.22%,98.7%,99.32%,99.36%,99.58%,,
530,99.48%,99.22%,98.7%,99.32%,99.36%,99.58%,,
531,99.48%,99.22%,98.7%,99.32%,99.36%,99.58%,,
532,99.48%,99.22%,98.7%,99.32%,99.36%,99.58%,,
533,99.48%,99.22%,98.7%,99.32%,99.36%,99.58%,,
534,99.48%,99.22%,98.7%,99.32%,99.36%,99.58%,,
535,99.5%,99.22%,98.7%,99.32%,99.36%,99.58%,,
536,99.5%,99.22%,98.7%,99.32%,99.36%,99.58%,,
537,99.5%,99.24%,98.7%,99.32%,99.36%,99.58%,,
538,99.5%,99.24%,98.7%,99.32%,99.36%,99.58%,,
539,99.5%,99.24%,98.7%,99.32%,99.36%,99.58%,,
540,99.5%,99.24%,98.7%,99.32%,99.36%,99.58%,,
541,99.5%,99.24%,98.72%,99.32%,99.36%,99.58%,,
542,99.5%,99.24%,98.72%,99.32%,99.36%,99.58%,,
543,99.5%,99.24%,98.72%,99.32%,99.36%,99.58%,,
544,99.5%,99.24%,98.72%,99.32%,99.36%,99.58%,,
545,99.5%,99.24%,98.72%,99.32%,99.36%,99.58%,,
546,99.5%,99.24%,98.72%,99.32%,99.36%,99.6%,,
547,99.5%,99.24%,98.72%,99.32%,99.36%,99.6%,,
548,99.5%,99.24%,98.72%,99.32%,99.36%,99.6%,,
549,99.5%,99.26%,98.72%,99.33999999999999%,99.36%,99.6%,,
550,99.5%,99.26%,98.72%,99.33999999999999%,99.36%,99.6%,,
551,99.5%,99.26%,98.72%,99.33999999999999%,99.36%,99.6%,,
552,99.5%,99.28%,98.72%,99.33999999999999%,99.36%,99.6%,,
553,99.5%,99.28%,98.72%,99.33999999999999%,99.36%,99.6%,,
554,99.5%,99.28%,98.72%,99.36%,99.36%,99.6%,,
555,99.5%,99.28%,98.72%,99.36%,99.36%,99.6%,,
556,99.5%,99.28%,98.72%,99.38%,99.36%,99.6%,,
557,99.5%,99.28%,98.74000000000001%,99.38%,99.36%,99.6%,,
558,99.5%,99.3%,98.76%,99.38%,99.36%,99.6%,,
559,99.5%,99.32%,98.76%,99.38%,99.36%,99.6%,,
560,99.5%,99.32%,98.76%,99.38%,99.36%,99.6%,,
561,99.5%,99.32%,98.78%,99.38%,99.36%,99.6%,,
562,99.5%,99.33999999999999%,98.78%,99.38%,99.36%,99.6%,,
563,99.5%,99.33999999999999%,98.78%,99.38%,99.38%,99.6%,,
564,99.5%,99.33999999999999%,98.8%,99.38%,99.38%,99.62%,,
565,99.5%,99.33999999999999%,98.8%,99.38%,99.38%,99.62%,,
566,99.5%,99.33999999999999%,98.8%,99.38%,99.38%,99.62%,,
567,99.5%,99.33999999999999%,98.8%,99.38%,99.38%,99.62%,,
568,99.5%,99.33999999999999%,98.8%,99.38%,99.38%,99.62%,,
569,99.5%,99.33999999999999%,98.8%,99.38%,99.38%,99.62%,,
570,99.5%,99.33999999999999%,98.8%,99.38%,99.38%,99.62%,,
571,99.5%,99.33999999999999%,98.82%,99.38%,99.38%,99.62%,,
572,99.5%,99.33999999999999%,98.82%,99.4%,99.38%,99.62%,,
573,99.5%,99.33999999999999%,98.82%,99.4%,99.38%,99.62%,,
574,99.5%,99.33999999999999%,98.83999999999999%,99.4%,99.4%,99.62%,,
575,99.5%,99.33999999999999%,98.83999999999999%,99.4%,99.4%,99.62%,,
576,99.5%,99.33999999999999%,98.83999999999999%,99.42%,99.4%,99.62%,,
577,99.5%,99.33999999999999%,98.83999999999999%,99.42%,99.4%,99.62%,,
578,99.5%,99.33999999999999%,98.83999999999999%,99.42%,99.4%,99.62%,,
579,99.5%,99.33999999999999%,98.83999999999999%,99.42%,99.4%,99.62%,,
580,99.5%,99.33999999999999%,98.86%,99.42%,99.4%,99.64%,,
581,99.5%,99.33999999999999%,98.86%,99.42%,99.4%,99.64%,,
582,99.52%,99.33999999999999%,98.86%,99.42%,99.4%,99.64%,,
583,99.52%,99.33999999999999%,98.86%,99.42%,99.4%,99.64%,,
584,99.52%,99.33999999999999%,98.88%,99.42%,99.4%,99.64%,,
585,99.53999999999999%,99.33999999999999%,98.88%,99.42%,99.4%,99.64%,,
586,99.53999999999999%,99.33999999999999%,98.88%,99.42%,99.4%,99.64%,,
587,99.53999999999999%,99.33999999999999%,98.88%,99.42%,99.4%,99.64%,,
588,99.53999999999999%,99.33999999999999%,98.88%,99.44%,99.4%,99.64%,,
589,99.56%,99.33999999999999%,98.88%,99.44%,99.4%,99.64%,,
590,99.56%,99.33999999999999%,98.9%,99.44%,99.4%,99.64%,,
591,99.56%,99.33999999999999%,98.9%,99.44%,99.4%,99.64%,,
592,99.56%,99.33999999999999%,98.9%,99.44%,99.4%,99.64%,,
593,99.56%,99.33999999999999%,98.9%,99.44%,99.4%,99.64%,,
594,99.56%,99.33999999999999%,98.9%,99.44%,99.4%,99.64%,,
595,99.56%,99.33999999999999%,98.9%,99.44%,99.4%,99.64%,,
596,99.56%,99.33999999999999%,98.9%,99.44%,99.4%,99.64%,,
597,99.56%,99.33999999999999%,98.9%,99.44%,99.4%,99.64%,,
598,99.56%,99.33999999999999%,98.9%,99.44%,99.4%,99.64%,,
599,99.56%,99.33999999999999%,98.9%,99.44%,99.4%,99.64%,,
600,99.56%,99.33999999999999%,98.9%,99.44%,99.4%,99.64%,,
601,99.56%,99.33999999999999%,98.9%,99.44%,99.4%,99.64%,,
602,99.56%,99.33999999999999%,98.9%,99.44%,99.4%,99.66000000000001%,,
603,99.56%,99.33999999999999%,98.9%,99.44%,99.4%,99.66000000000001%,,
604,99.56%,99.33999999999999%,98.9%,99.44%,99.4%,99.66000000000001%,,
605,99.56%,99.36%,98.9%,99.44%,99.4%,99.66000000000001%,,
606,99.56%,99.36%,98.9%,99.44%,99.4%,99.66000000000001%,,
607,99.56%,99.36%,98.9%,99.44%,99.4%,99.66000000000001%,,
608,99.56%,99.36%,98.92%,99.44%,99.4%,99.66000000000001%,,
609,99.56%,99.36%,98.92%,99.44%,99.4%,99.66000000000001%,,
610,99.56%,99.36%,98.92%,99.44%,99.4%,99.66000000000001%,,
611,99.56%,99.36%,98.92%,99.44%,99.4%,99.66000000000001%,,
612,99.56%,99.36%,98.92%,99.44%,99.4%,99.66000000000001%,,
613,99.56%,99.36%,98.94%,99.44%,99.4%,99.66000000000001%,,
614,99.56%,99.36%,98.96000000000001%,99.44%,99.4%,99.66000000000001%,,
615,99.56%,99.36%,98.98%,99.44%,99.4%,99.66000000000001%,,
616,99.56%,99.36%,98.98%,99.44%,99.4%,99.66000000000001%,,
617,99.56%,99.36%,98.98%,99.44%,99.4%,99.66000000000001%,,
618,99.56%,99.38%,98.98%,99.44%,99.4%,99.66000000000001%,,
619,99.56%,99.38%,98.98%,99.44%,99.4%,99.66000000000001%,,
620,99.56%,99.38%,98.98%,99.44%,99.4%,99.66000000000001%,,
621,99.56%,99.38%,98.98%,99.44%,99.4%,99.66000000000001%,,
622,99.56%,99.38%,98.98%,99.44%,99.4%,99.66000000000001%,,
623,99.56%,99.38%,98.98%,99.44%,99.4%,99.66000000000001%,,
624,99.56%,99.38%,98.98%,99.44%,99.4%,99.66000000000001%,,
625,99.56%,99.38%,98.98%,99.44%,99.4%,99.66000000000001%,,
626,99.56%,99.38%,98.98%,99.44%,99.4%,99.66000000000001%,,
627,99.56%,99.38%,98.98%,99.44%,99.4%,99.66000000000001%,,
628,99.56%,99.38%,98.98%,99.44%,99.4%,99.66000000000001%,,
629,99.56%,99.38%,98.98%,99.44%,99.4%,99.66000000000001%,,
630,99.56%,99.38%,98.98%,99.44%,99.42%,99.66000000000001%,,
631,99.56%,99.4%,98.98%,99.44%,99.42%,99.66000000000001%,,
632,99.56%,99.4%,99.0%,99.44%,99.42%,99.66000000000001%,,
633,99.56%,99.4%,99.0%,99.44%,99.42%,99.66000000000001%,,
634,99.58%,99.4%,99.0%,99.44%,99.42%,99.66000000000001%,,
635,99.58%,99.42%,99.0%,99.46000000000001%,99.42%,99.66000000000001%,,
636,99.58%,99.42%,99.0%,99.46000000000001%,99.42%,99.66000000000001%,,
637,99.58%,99.42%,99.0%,99.46000000000001%,99.42%,99.66000000000001%,,
638,99.58%,99.42%,99.0%,99.46000000000001%,99.42%,99.66000000000001%,,
639,99.58%,99.42%,99.0%,99.46000000000001%,99.42%,99.66000000000001%,,
640,99.58%,99.42%,99.02%,99.46000000000001%,99.42%,99.7%,,
641,99.58%,99.42%,99.02%,99.46000000000001%,99.42%,99.7%,,
642,99.58%,99.42%,99.02%,99.46000000000001%,99.42%,99.7%,,
643,99.58%,99.42%,99.02%,99.46000000000001%,99.42%,99.7%,,
644,99.58%,99.42%,99.02%,99.46000000000001%,99.42%,99.7%,,
645,99.58%,99.42%,99.02%,99.46000000000001%,99.42%,99.7%,,
646,99.58%,99.42%,99.02%,99.46000000000001%,99.42%,99.72%,,
647,99.58%,99.42%,99.02%,99.46000000000001%,99.42%,99.72%,,
648,99.58%,99.42%,99.02%,99.46000000000001%,99.42%,99.72%,,
649,99.58%,99.42%,99.02%,99.46000000000001%,99.42%,99.72%,,
650,99.58%,99.42%,99.02%,99.46000000000001%,99.42%,99.72%,,
651,99.58%,99.42%,99.02%,99.46000000000001%,99.42%,99.72%,,
652,99.58%,99.42%,99.02%,99.48%,99.42%,99.72%,,
653,99.58%,99.42%,99.02%,99.48%,99.42%,99.72%,,
654,99.58%,99.42%,99.02%,99.48%,99.42%,99.72%,,
655,99.58%,99.42%,99.02%,99.48%,99.42%,99.72%,,
656,99.58%,99.42%,99.02%,99.48%,99.42%,99.72%,,
657,99.58%,99.42%,99.02%,99.48%,99.42%,99.72%,,
658,99.58%,99.42%,99.02%,99.48%,99.42%,99.72%,,
659,99.58%,99.42%,99.02%,99.48%,99.42%,99.72%,,
660,99.58%,99.42%,99.02%,99.48%,99.42%,99.72%,,
661,99.58%,99.42%,99.02%,99.48%,99.42%,99.72%,,
662,99.58%,99.42%,99.03999999999999%,99.48%,99.42%,99.72%,,
663,99.58%,99.42%,99.03999999999999%,99.48%,99.42%,99.72%,,
664,99.58%,99.42%,99.03999999999999%,99.48%,99.42%,99.72%,,
665,99.58%,99.42%,99.03999999999999%,99.48%,99.42%,99.74%,,
666,99.58%,99.42%,99.03999999999999%,99.48%,99.42%,99.74%,,
667,99.6%,99.42%,99.03999999999999%,99.52%,99.42%,99.74%,,
668,99.6%,99.42%,99.03999999999999%,99.52%,99.42%,99.74%,,
669,99.6%,99.44%,99.03999999999999%,99.52%,99.42%,99.74%,,
670,99.6%,99.44%,99.03999999999999%,99.52%,99.42%,99.74%,,
671,99.6%,99.44%,99.03999999999999%,99.52%,99.44%,99.74%,,
672,99.6%,99.44%,99.03999999999999%,99.52%,99.44%,99.74%,,
673,99.6%,99.44%,99.03999999999999%,99.52%,99.44%,99.74%,,
674,99.6%,99.44%,99.03999999999999%,99.52%,99.46000000000001%,99.74%,,
675,99.6%,99.44%,99.03999999999999%,99.52%,99.46000000000001%,99.74%,,
676,99.6%,99.44%,99.03999999999999%,99.52%,99.46000000000001%,99.74%,,
677,99.6%,99.44%,99.06%,99.52%,99.46000000000001%,99.74%,,
678,99.6%,99.44%,99.06%,99.52%,99.46000000000001%,99.74%,,
679,99.6%,99.44%,99.06%,99.52%,99.46000000000001%,99.74%,,
680,99.6%,99.44%,99.06%,99.52%,99.46000000000001%,99.74%,,
681,99.6%,99.44%,99.06%,99.52%,99.46000000000001%,99.74%,,
682,99.6%,99.46000000000001%,99.06%,99.52%,99.46000000000001%,99.74%,,
683,99.6%,99.46000000000001%,99.06%,99.52%,99.46000000000001%,99.74%,,
684,99.6%,99.46000000000001%,99.06%,99.52%,99.46000000000001%,99.74%,,
685,99.6%,99.46000000000001%,99.06%,99.52%,99.46000000000001%,99.74%,,
686,99.6%,99.46000000000001%,99.06%,99.52%,99.46000000000001%,99.74%,,
687,99.6%,99.46000000000001%,99.06%,99.52%,99.46000000000001%,99.74%,,
688,99.6%,99.46000000000001%,99.06%,99.52%,99.46000000000001%,99.74%,,
689,99.6%,99.46000000000001%,99.06%,99.52%,99.46000000000001%,99.74%,,
690,99.6%,99.46000000000001%,99.06%,99.52%,99.46000000000001%,99.74%,,
691,99.6%,99.46000000000001%,99.06%,99.52%,99.46000000000001%,99.74%,,
692,99.6%,99.46000000000001%,99.06%,99.52%,99.46000000000001%,99.74%,,
693,99.6%,99.46000000000001%,99.08%,99.52%,99.46000000000001%,99.74%,,
694,99.6%,99.46000000000001%,99.08%,99.52%,99.46000000000001%,99.74%,,
695,99.6%,99.46000000000001%,99.08%,99.52%,99.46000000000001%,99.74%,,
696,99.6%,99.46000000000001%,99.08%,99.52%,99.46000000000001%,99.74%,,
697,99.6%,99.46000000000001%,99.08%,99.52%,99.46000000000001%,99.74%,,
698,99.6%,99.48%,99.08%,99.52%,99.46000000000001%,99.74%,,
699,99.6%,99.48%,99.08%,99.52%,99.46000000000001%,99.74%,,
700,99.6%,99.48%,99.08%,99.52%,99.46000000000001%,99.74%,,
701,99.6%,99.48%,99.08%,99.52%,99.48%,99.74%,,
702,99.6%,99.48%,99.08%,99.52%,99.48%,99.74%,,
703,99.6%,99.48%,99.08%,99.53999999999999%,99.48%,99.74%,,
704,99.6%,99.48%,99.08%,99.53999999999999%,99.48%,99.74%,,
705,99.6%,99.48%,99.08%,99.53999999999999%,99.48%,99.74%,,
706,99.6%,99.48%,99.08%,99.53999999999999%,99.48%,99.74%,,
707,99.6%,99.48%,99.08%,99.53999999999999%,99.48%,99.74%,,
708,99.6%,99.48%,99.08%,99.53999999999999%,99.48%,99.74%,,
709,99.6%,99.48%,99.08%,99.53999999999999%,99.48%,99.74%,,
710,99.6%,99.48%,99.08%,99.53999999999999%,99.48%,99.74%,,
711,99.6%,99.48%,99.08%,99.53999999999999%,99.48%,99.74%,,
712,99.6%,99.48%,99.08%,99.53999999999999%,99.48%,99.74%,,
713,99.6%,99.48%,99.08%,99.53999999999999%,99.48%,99.74%,,
714,99.6%,99.48%,99.08%,99.53999999999999%,99.48%,99.74%,,
715,99.6%,99.48%,99.08%,99.53999999999999%,99.48%,99.74%,,
716,99.6%,99.48%,99.08%,99.53999999999999%,99.48%,99.74%,,
717,99.6%,99.48%,99.08%,99.53999999999999%,99.48%,99.74%,,
718,99.6%,99.48%,99.08%,99.53999999999999%,99.48%,99.74%,,
719,99.6%,99.48%,99.08%,99.53999999999999%,99.48%,99.74%,,
720,99.6%,99.48%,99.08%,99.53999999999999%,99.48%,99.74%,,
721,99.6%,99.48%,99.08%,99.53999999999999%,99.48%,99.74%,,
722,99.6%,99.48%,99.08%,99.53999999999999%,99.48%,99.74%,,
723,99.6%,99.48%,99.08%,99.53999999999999%,99.48%,99.74%,,
724,99.6%,99.48%,99.08%,99.53999999999999%,99.48%,99.74%,,
725,99.6%,99.48%,99.08%,99.53999999999999%,99.48%,99.74%,,
726,99.6%,99.48%,99.08%,99.53999999999999%,99.48%,99.74%,,
727,99.6%,99.48%,99.08%,99.56%,99.48%,99.74%,,
728,99.6%,99.48%,99.08%,99.56%,99.48%,99.74%,,
729,99.6%,99.48%,99.08%,99.56%,99.48%,99.74%,,
730,99.6%,99.48%,99.08%,99.56%,99.48%,99.76%,,
731,99.6%,99.48%,99.08%,99.56%,99.48%,99.76%,,
732,99.6%,99.48%,99.08%,99.56%,99.48%,99.76%,,
733,99.6%,99.48%,99.08%,99.56%,99.48%,99.76%,,
734,99.6%,99.48%,99.08%,99.56%,99.48%,99.76%,,
735,99.6%,99.48%,99.08%,99.56%,99.48%,99.76%,,
736,99.6%,99.48%,99.08%,99.56%,99.48%,99.76%,,
737,99.6%,99.48%,99.08%,99.56%,99.48%,99.76%,,
738,99.6%,99.48%,99.08%,99.56%,99.48%,99.76%,,
739,99.6%,99.48%,99.08%,99.56%,99.48%,99.76%,,
740,99.6%,99.48%,99.1%,99.56%,99.48%,99.76%,,
741,99.6%,99.48%,99.1%,99.56%,99.48%,99.76%,,
742,99.62%,99.48%,99.1%,99.56%,99.48%,99.76%,,
743,99.62%,99.48%,99.1%,99.58%,99.48%,99.76%,,
744,99.62%,99.48%,99.1%,99.58%,99.5%,99.76%,,
745,99.62%,99.48%,99.1%,99.58%,99.5%,99.76%,,
746,99.62%,99.48%,99.1%,99.58%,99.5%,99.76%,,
747,99.62%,99.48%,99.1%,99.58%,99.5%,99.76%,,
748,99.62%,99.48%,99.1%,99.58%,99.5%,99.76%,,
749,99.64%,99.48%,99.1%,99.58%,99.5%,99.76%,,
750,99.64%,99.48%,99.1%,99.6%,99.5%,99.76%,,
751,99.64%,99.48%,99.1%,99.6%,99.5%,99.76%,,
752,99.64%,99.48%,99.1%,99.6%,99.5%,99.76%,,
753,99.64%,99.48%,99.1%,99.6%,99.5%,99.76%,,
754,99.64%,99.48%,99.1%,99.6%,99.5%,99.76%,,
755,99.64%,99.48%,99.1%,99.6%,99.5%,99.76%,,
756,99.64%,99.48%,99.1%,99.6%,99.5%,99.76%,,
757,99.64%,99.48%,99.1%,99.6%,99.5%,99.76%,,
758,99.64%,99.48%,99.1%,99.6%,99.52%,99.76%,,
759,99.64%,99.48%,99.1%,99.6%,99.52%,99.76%,,
760,99.64%,99.48%,99.1%,99.6%,99.52%,99.76%,,
761,99.64%,99.48%,99.1%,99.6%,99.52%,99.76%,,
762,99.64%,99.48%,99.1%,99.6%,99.52%,99.76%,,
763,99.64%,99.48%,99.1%,99.6%,99.52%,99.76%,,
764,99.64%,99.48%,99.1%,99.6%,99.52%,99.76%,,
765,99.64%,99.48%,99.1%,99.6%,99.52%,99.76%,,
766,99.64%,99.48%,99.1%,99.6%,99.52%,99.76%,,
767,99.64%,99.48%,99.1%,99.62%,99.52%,99.76%,,
768,99.64%,99.48%,99.1%,99.62%,99.52%,99.76%,,
769,99.64%,99.48%,99.1%,99.62%,99.52%,99.76%,,
770,99.64%,99.48%,99.1%,99.62%,99.52%,99.76%,,
771,99.64%,99.48%,99.1%,99.62%,99.52%,99.76%,,
772,99.64%,99.48%,99.1%,99.62%,99.52%,99.76%,,
773,99.64%,99.48%,99.1%,99.62%,99.52%,99.76%,,
774,99.64%,99.48%,99.1%,99.62%,99.52%,99.76%,,
775,99.64%,99.48%,99.1%,99.62%,99.52%,99.76%,,
776,99.64%,99.48%,99.1%,99.62%,99.52%,99.76%,,
777,99.64%,99.48%,99.1%,99.62%,99.52%,99.76%,,
778,99.64%,99.48%,99.1%,99.62%,99.52%,99.76%,,
779,99.64%,99.48%,99.1%,99.62%,99.52%,99.76%,,
780,99.64%,99.48%,99.1%,99.62%,99.52%,99.76%,,
781,99.64%,99.48%,99.1%,99.62%,99.52%,99.76%,,
782,99.64%,99.48%,99.1%,99.62%,99.52%,99.76%,,
783,99.64%,99.48%,99.1%,99.62%,99.52%,99.76%,,
784,99.64%,99.48%,99.1%,99.62%,99.52%,99.76%,,
785,99.64%,99.48%,99.11999999999999%,99.62%,99.52%,99.76%,,
786,99.64%,99.48%,99.11999999999999%,99.62%,99.52%,99.76%,,
787,99.64%,99.48%,99.11999999999999%,99.62%,99.53999999999999%,99.76%,,
788,99.64%,99.48%,99.11999999999999%,99.62%,99.53999999999999%,99.76%,,
789,99.64%,99.48%,99.11999999999999%,99.62%,99.53999999999999%,99.76%,,
790,99.64%,99.48%,99.11999999999999%,99.64%,99.53999999999999%,99.76%,,
791,99.64%,99.48%,99.11999999999999%,99.64%,99.53999999999999%,99.76%,,
792,99.64%,99.48%,99.11999999999999%,99.64%,99.53999999999999%,99.76%,,
793,99.64%,99.48%,99.11999999999999%,99.64%,99.53999999999999%,99.76%,,
794,99.64%,99.48%,99.11999999999999%,99.64%,99.53999999999999%,99.76%,,
795,99.64%,99.48%,99.14%,99.64%,99.53999999999999%,99.76%,,
796,99.64%,99.48%,99.14%,99.64%,99.53999999999999%,99.76%,,
797,99.64%,99.48%,99.14%,99.64%,99.53999999999999%,99.76%,,
798,99.64%,99.5%,99.14%,99.64%,99.53999999999999%,99.76%,,
799,99.64%,99.5%,99.14%,99.64%,99.53999999999999%,99.76%,,
800,99.64%,99.5%,99.14%,99.64%,99.53999999999999%,99.76%,,
801,99.64%,99.5%,99.14%,99.64%,99.53999999999999%,99.76%,,
802,99.64%,99.5%,99.14%,99.64%,99.53999999999999%,99.76%,,
803,99.64%,99.5%,99.14%,99.64%,99.53999999999999%,99.76%,,
804,99.64%,99.5%,99.14%,99.64%,99.53999999999999%,99.76%,,
805,99.64%,99.5%,99.14%,99.64%,99.53999999999999%,99.76%,,
806,99.64%,99.5%,99.14%,99.64%,99.53999999999999%,99.76%,,
807,99.64%,99.5%,99.14%,99.64%,99.53999999999999%,99.76%,,
808,99.64%,99.5%,99.14%,99.64%,99.53999999999999%,99.76%,,
809,99.64%,99.5%,99.14%,99.64%,99.53999999999999%,99.76%,,
810,99.64%,99.5%,99.14%,99.64%,99.53999999999999%,99.76%,,
811,99.64%,99.5%,99.14%,99.64%,99.53999999999999%,99.76%,,
812,99.64%,99.5%,99.14%,99.64%,99.53999999999999%,99.76%,,
813,99.64%,99.5%,99.14%,99.64%,99.53999999999999%,99.76%,,
814,99.64%,99.5%,99.14%,99.64%,99.53999999999999%,99.76%,,
815,99.64%,99.5%,99.14%,99.64%,99.53999999999999%,99.76%,,
816,99.64%,99.5%,99.14%,99.64%,99.53999999999999%,99.76%,,
817,99.64%,99.5%,99.14%,99.64%,99.53999999999999%,99.76%,,
818,99.64%,99.5%,99.14%,99.64%,99.56%,99.76%,,
819,99.64%,99.5%,99.14%,99.64%,99.56%,99.76%,,
820,99.64%,99.5%,99.14%,99.64%,99.56%,99.76%,,
821,99.64%,99.5%,99.14%,99.64%,99.56%,99.76%,,
822,99.64%,99.5%,99.14%,99.64%,99.56%,99.76%,,
823,99.64%,99.5%,99.14%,99.64%,99.56%,99.76%,,
824,99.66000000000001%,99.5%,99.14%,99.64%,99.56%,99.76%,,
825,99.66000000000001%,99.5%,99.14%,99.64%,99.56%,99.76%,,
826,99.66000000000001%,99.5%,99.14%,99.64%,99.56%,99.76%,,
827,99.66000000000001%,99.5%,99.14%,99.64%,99.56%,99.76%,,
828,99.66000000000001%,99.5%,99.14%,99.64%,99.56%,99.76%,,
829,99.66000000000001%,99.5%,99.14%,99.64%,99.56%,99.76%,,
830,99.66000000000001%,99.5%,99.14%,99.64%,99.56%,99.76%,,
831,99.66000000000001%,99.5%,99.14%,99.64%,99.56%,99.76%,,
832,99.66000000000001%,99.5%,99.14%,99.64%,99.56%,99.76%,,
833,99.66000000000001%,99.52%,99.14%,99.64%,99.56%,99.76%,,
834,99.66000000000001%,99.52%,99.14%,99.64%,99.56%,99.76%,,
835,99.66000000000001%,99.52%,99.14%,99.64%,99.56%,99.76%,,
836,99.66000000000001%,99.52%,99.14%,99.64%,99.56%,99.76%,,
837,99.66000000000001%,99.52%,99.14%,99.64%,99.56%,99.76%,,
838,99.66000000000001%,99.52%,99.14%,99.64%,99.56%,99.76%,,
839,99.66000000000001%,99.52%,99.14%,99.64%,99.56%,99.76%,,
840,99.66000000000001%,99.52%,99.14%,99.64%,99.56%,99.76%,,
841,99.66000000000001%,99.52%,99.14%,99.64%,99.58%,99.76%,,
842,99.66000000000001%,99.52%,99.14%,99.64%,99.58%,99.76%,,
843,99.66000000000001%,99.52%,99.14%,99.64%,99.58%,99.76%,,
844,99.66000000000001%,99.52%,99.14%,99.64%,99.58%,99.76%,,
845,99.66000000000001%,99.52%,99.14%,99.64%,99.58%,99.76%,,
846,99.66000000000001%,99.52%,99.14%,99.64%,99.58%,99.76%,,
847,99.66000000000001%,99.52%,99.14%,99.64%,99.58%,99.76%,,
848,99.66000000000001%,99.52%,99.14%,99.64%,99.58%,99.76%,,
849,99.66000000000001%,99.52%,99.14%,99.66000000000001%,99.58%,99.76%,,
850,99.66000000000001%,99.52%,99.14%,99.66000000000001%,99.58%,99.76%,,
851,99.66000000000001%,99.52%,99.14%,99.66000000000001%,99.58%,99.76%,,
852,99.66000000000001%,99.52%,99.14%,99.66000000000001%,99.58%,99.76%,,
853,99.66000000000001%,99.52%,99.14%,99.66000000000001%,99.58%,99.76%,,
854,99.66000000000001%,99.52%,99.14%,99.66000000000001%,99.58%,99.76%,,
855,99.66000000000001%,99.52%,99.14%,99.66000000000001%,99.58%,99.76%,,
856,99.66000000000001%,99.52%,99.14%,99.66000000000001%,99.58%,99.76%,,
857,99.66000000000001%,99.52%,99.14%,99.66000000000001%,99.58%,99.76%,,
858,99.66000000000001%,99.52%,99.14%,99.66000000000001%,99.58%,99.76%,,
859,99.66000000000001%,99.52%,99.14%,99.66000000000001%,99.58%,99.76%,,
860,99.66000000000001%,99.53999999999999%,99.16%,99.66000000000001%,99.58%,99.76%,,
861,99.66000000000001%,99.53999999999999%,99.16%,99.66000000000001%,99.58%,99.76%,,
862,99.66000000000001%,99.53999999999999%,99.16%,99.66000000000001%,99.58%,99.76%,,
863,99.66000000000001%,99.53999999999999%,99.16%,99.66000000000001%,99.58%,99.76%,,
864,99.66000000000001%,99.53999999999999%,99.16%,99.66000000000001%,99.58%,99.76%,,
865,99.66000000000001%,99.53999999999999%,99.16%,99.66000000000001%,99.58%,99.76%,,
866,99.66000000000001%,99.53999999999999%,99.16%,99.66000000000001%,99.58%,99.76%,,
867,99.66000000000001%,99.53999999999999%,99.16%,99.66000000000001%,99.58%,99.76%,,
868,99.66000000000001%,99.53999999999999%,99.16%,99.66000000000001%,99.58%,99.76%,,
869,99.66000000000001%,99.53999999999999%,99.16%,99.66000000000001%,99.58%,99.76%,,
870,99.66000000000001%,99.53999999999999%,99.16%,99.66000000000001%,99.58%,99.76%,,
871,99.66000000000001%,99.53999999999999%,99.16%,99.66000000000001%,99.58%,99.76%,,
872,99.66000000000001%,99.53999999999999%,99.16%,99.66000000000001%,99.58%,99.76%,,
873,99.66000000000001%,99.53999999999999%,99.16%,99.66000000000001%,99.58%,99.76%,,
874,99.66000000000001%,99.56%,99.16%,99.66000000000001%,99.58%,99.76%,,
875,99.66000000000001%,99.56%,99.16%,99.66000000000001%,99.58%,99.76%,,
876,99.66000000000001%,99.56%,99.16%,99.66000000000001%,99.58%,99.76%,,
877,99.66000000000001%,99.56%,99.16%,99.66000000000001%,99.58%,99.76%,,
878,99.66000000000001%,99.56%,99.16%,99.66000000000001%,99.58%,99.76%,,
879,99.68%,99.56%,99.16%,99.66000000000001%,99.58%,99.76%,,
880,99.68%,99.56%,99.16%,99.68%,99.58%,99.76%,,
881,99.68%,99.56%,99.16%,99.68%,99.58%,99.76%,,
882,99.68%,99.56%,99.16%,99.68%,99.58%,99.76%,,
883,99.68%,99.56%,99.16%,99.68%,99.6%,99.76%,,
884,99.68%,99.56%,99.16%,99.68%,99.6%,99.76%,,
885,99.68%,99.56%,99.16%,99.68%,99.6%,99.76%,,
886,99.68%,99.56%,99.16%,99.68%,99.6%,99.76%,,
887,99.68%,99.56%,99.16%,99.68%,99.6%,99.76%,,
888,99.68%,99.56%,99.16%,99.68%,99.6%,99.76%,,
889,99.68%,99.58%,99.16%,99.68%,99.6%,99.76%,,
890,99.68%,99.58%,99.16%,99.68%,99.6%,99.76%,,
891,99.68%,99.58%,99.16%,99.68%,99.6%,99.76%,,
892,99.68%,99.58%,99.18%,99.68%,99.6%,99.76%,,
893,99.7%,99.58%,99.18%,99.68%,99.6%,99.76%,,
894,99.7%,99.58%,99.18%,99.68%,99.6%,99.76%,,
895,99.7%,99.58%,99.18%,99.68%,99.6%,99.76%,,
896,99.7%,99.58%,99.18%,99.68%,99.6%,99.76%,,
897,99.7%,99.58%,99.18%,99.68%,99.6%,99.76%,,
898,99.7%,99.58%,99.18%,99.68%,99.6%,99.76%,,
899,99.7%,99.58%,99.18%,99.68%,99.6%,99.76%,,
900,99.7%,99.58%,99.18%,99.68%,99.6%,99.76%,,
901,99.7%,99.58%,99.18%,99.68%,99.6%,99.76%,,
902,99.7%,99.58%,99.18%,99.68%,99.62%,99.76%,,
903,99.7%,99.58%,99.18%,99.68%,99.62%,99.76%,,
904,99.7%,99.58%,99.18%,99.68%,99.62%,99.76%,,
905,99.7%,99.58%,99.18%,99.68%,99.62%,99.76%,,
906,99.7%,99.58%,99.18%,99.68%,99.62%,99.76%,,
907,99.7%,99.58%,99.18%,99.68%,99.62%,99.76%,,
908,99.7%,99.58%,99.18%,99.68%,99.62%,99.76%,,
909,99.7%,99.58%,99.18%,99.68%,99.62%,99.76%,,
910,99.7%,99.58%,99.18%,99.68%,99.62%,99.76%,,
911,99.7%,99.58%,99.18%,99.68%,99.62%,99.76%,,
912,99.7%,99.58%,99.18%,99.68%,99.62%,99.76%,,
913,99.7%,99.58%,99.18%,99.68%,99.62%,99.76%,,
914,99.7%,99.58%,99.18%,99.68%,99.62%,99.76%,,
915,99.7%,99.58%,99.18%,99.68%,99.62%,99.76%,,
916,99.7%,99.58%,99.18%,99.68%,99.62%,99.76%,,
917,99.7%,99.58%,99.18%,99.68%,99.62%,99.76%,,
918,99.7%,99.58%,99.18%,99.68%,99.62%,99.76%,,
919,99.7%,99.58%,99.18%,99.68%,99.62%,99.76%,,
920,99.7%,99.58%,99.18%,99.68%,99.62%,99.76%,,
921,99.7%,99.58%,99.18%,99.68%,99.62%,99.76%,,
922,99.7%,99.58%,99.18%,99.68%,99.62%,99.76%,,
923,99.7%,99.58%,99.18%,99.68%,99.62%,99.76%,,
924,99.7%,99.58%,99.18%,99.68%,99.62%,99.76%,,
925,99.7%,99.58%,99.18%,99.68%,99.62%,99.76%,,
926,99.7%,99.58%,99.18%,99.68%,99.62%,99.76%,,
927,99.7%,99.58%,99.18%,99.68%,99.62%,99.76%,,
928,99.7%,99.58%,99.18%,99.68%,99.62%,99.76%,,
929,99.7%,99.58%,99.18%,99.7%,99.62%,99.76%,,
930,99.72%,99.58%,99.18%,99.7%,99.62%,99.76%,,
931,99.72%,99.58%,99.18%,99.7%,99.62%,99.76%,,
932,99.72%,99.58%,99.18%,99.7%,99.62%,99.76%,,
933,99.72%,99.58%,99.18%,99.7%,99.62%,99.76%,,
934,99.72%,99.58%,99.18%,99.7%,99.62%,99.76%,,
935,99.72%,99.58%,99.18%,99.7%,99.62%,99.76%,,
936,99.72%,99.58%,99.18%,99.7%,99.62%,99.76%,,
937,99.72%,99.58%,99.18%,99.7%,99.62%,99.76%,,
938,99.72%,99.58%,99.18%,99.7%,99.62%,99.76%,,
939,99.72%,99.58%,99.18%,99.7%,99.62%,99.76%,,
940,99.72%,99.58%,99.18%,99.7%,99.62%,99.76%,,
941,99.72%,99.58%,99.18%,99.7%,99.62%,99.76%,,
942,99.72%,99.58%,99.18%,99.7%,99.62%,99.76%,,
943,99.72%,99.58%,99.18%,99.7%,99.62%,99.76%,,
944,99.72%,99.58%,99.18%,99.7%,99.62%,99.76%,,
945,99.72%,99.58%,99.18%,99.7%,99.62%,99.76%,,
946,99.72%,99.58%,99.18%,99.7%,99.62%,99.76%,,
947,99.72%,99.58%,99.18%,99.7%,99.62%,99.76%,,
948,99.72%,99.58%,99.18%,99.7%,99.62%,99.76%,,
949,99.72%,99.58%,99.18%,99.7%,99.62%,99.76%,,
950,99.72%,99.58%,99.18%,99.7%,99.62%,99.76%,,
951,99.72%,99.58%,99.18%,99.7%,99.62%,99.76%,,
952,99.72%,99.58%,99.18%,99.7%,99.62%,99.76%,,
953,99.72%,99.58%,99.18%,99.7%,99.62%,99.76%,,
954,99.72%,99.58%,99.2%,99.7%,99.62%,99.76%,,
955,99.72%,99.58%,99.2%,99.7%,99.62%,99.76%,,
956,99.72%,99.58%,99.2%,99.7%,99.62%,99.76%,,
957,99.72%,99.58%,99.2%,99.7%,99.62%,99.76%,,
958,99.72%,99.58%,99.2%,99.7%,99.62%,99.76%,,
959,99.72%,99.58%,99.2%,99.72%,99.62%,99.76%,,
960,99.72%,99.58%,99.2%,99.72%,99.62%,99.76%,,
961,99.72%,99.58%,99.2%,99.72%,99.62%,99.76%,,
962,99.72%,99.58%,99.2%,99.72%,99.62%,99.76%,,
963,99.72%,99.58%,99.2%,99.72%,99.62%,99.76%,,
964,99.72%,99.58%,99.22%,99.72%,99.62%,99.76%,,
965,99.72%,99.58%,99.22%,99.72%,99.62%,99.76%,,
966,99.72%,99.58%,99.24%,99.72%,99.62%,99.76%,,
967,99.72%,99.58%,99.24%,99.72%,99.62%,99.76%,,
968,99.72%,99.58%,99.24%,99.72%,99.62%,99.76%,,
969,99.72%,99.58%,99.24%,99.72%,99.62%,99.76%,,
970,99.72%,99.58%,99.24%,99.72%,99.62%,99.76%,,
971,99.72%,99.58%,99.24%,99.72%,99.62%,99.76%,,
972,99.72%,99.58%,99.24%,99.72%,99.62%,99.76%,,
973,99.72%,99.58%,99.24%,99.72%,99.62%,99.76%,,
974,99.72%,99.58%,99.24%,99.72%,99.62%,99.76%,,
975,99.72%,99.58%,99.24%,99.72%,99.64%,99.76%,,
976,99.72%,99.58%,99.24%,99.72%,99.64%,99.76%,,
977,99.72%,99.58%,99.24%,99.72%,99.64%,99.76%,,
978,99.72%,99.58%,99.24%,99.72%,99.64%,99.76%,,
979,99.72%,99.58%,99.24%,99.72%,99.64%,99.76%,,
980,99.72%,99.58%,99.24%,99.72%,99.64%,99.76%,,
981,99.72%,99.58%,99.24%,99.72%,99.66000000000001%,99.76%,,
982,99.72%,99.58%,99.24%,99.72%,99.66000000000001%,99.76%,,
983,99.72%,99.58%,99.24%,99.72%,99.66000000000001%,99.76%,,
984,99.72%,99.58%,99.24%,99.72%,99.66000000000001%,99.76%,,
985,99.72%,99.58%,99.24%,99.72%,99.66000000000001%,99.76%,,
986,99.72%,99.58%,99.24%,99.72%,99.66000000000001%,99.76%,,
987,99.72%,99.58%,99.24%,99.72%,99.66000000000001%,99.76%,,
988,99.72%,99.58%,99.24%,99.74%,99.66000000000001%,99.76%,,
989,99.72%,99.58%,99.24%,99.74%,99.66000000000001%,99.76%,,
990,99.72%,99.58%,99.24%,99.74%,99.66000000000001%,99.76%,,
991,99.72%,99.58%,99.24%,99.74%,99.66000000000001%,99.76%,,
992,99.72%,99.58%,99.24%,99.74%,99.66000000000001%,99.76%,,
993,99.72%,99.58%,99.24%,99.76%,99.66000000000001%,99.76%,,
994,99.72%,99.58%,99.24%,99.76%,99.66000000000001%,99.76%,,
995,99.72%,99.58%,99.24%,99.76%,99.66000000000001%,99.76%,,
996,99.72%,99.58%,99.24%,99.76%,99.66000000000001%,99.76%,,
997,99.72%,99.58%,99.24%,99.76%,99.66000000000001%,99.76%,,
998,99.72%,99.6%,99.24%,99.76%,99.66000000000001%,99.76%,,
999,99.72%,99.6%,99.24%,99.76%,99.66000000000001%,99.76%,,
1000,99.72%,99.6%,99.24%,99.76%,99.66000000000001%,99.76%,,